6812,AgeGender,AGE,48.26595350346521
6812,AgeGender,GENDER,5.185596111260869
6813,AgeGender,AGE,48.26595350346521
6813,AgeGender,GENDER,5.185596111260869
6814,AgeGender,AGE,48.26595350346521
6814,AgeGender,GENDER,5.185596111260869
6815,AgeGender,AGE,27.279912843
6815,AgeGender,GENDER,0.8435378201999999
6816,AgeGender,AGE,77.42466742605293
6816,AgeGender,GENDER,-4.365676640735294
6817,AgeGender,AGE,77.42466742605293
6817,AgeGender,GENDER,-4.365676640735294
6818,AgeGender,AGE,77.42466742605293
6818,AgeGender,GENDER,-4.365676640735294
6819,AgeGender,AGE,27.279912843
6819,AgeGender,GENDER,0.8435378201999999
6820,AgeGender,AGE,35.58508380182917
6820,AgeGender,GENDER,-17.846002905366667
6821,AgeGender,AGE,35.58508380182917
6821,AgeGender,GENDER,-17.846002905366667
6822,AgeGender,AGE,35.58508380182917
6822,AgeGender,GENDER,-17.846002905366667
6823,AgeGender,AGE,27.279912843
6823,AgeGender,GENDER,0.8435378201999999
6824,AgeGender,AGE,58.80723258327692
6824,AgeGender,GENDER,-4.134075351053846
6825,AgeGender,AGE,58.80723258327692
6825,AgeGender,GENDER,-4.134075351053846
6826,AgeGender,AGE,58.80723258327692
6826,AgeGender,GENDER,-4.134075351053846
6827,AgeGender,AGE,27.279912843
6827,AgeGender,GENDER,0.8435378201999999
6828,AgeGender,AGE,-0.7702156532727216
6828,AgeGender,GENDER,-13.240398229563636
6829,AgeGender,AGE,-0.7702156532727216
6829,AgeGender,GENDER,-13.240398229563636
6830,AgeGender,AGE,-0.7702156532727216
6830,AgeGender,GENDER,-13.240398229563636
6831,AgeGender,AGE,27.279912843
6831,AgeGender,GENDER,0.8435378201999999
6832,AgeGender,AGE,46.44398161883125
6832,AgeGender,GENDER,8.0011181743
6833,AgeGender,AGE,46.44398161883125
6833,AgeGender,GENDER,8.0011181743
6834,AgeGender,AGE,46.44398161883125
6834,AgeGender,GENDER,8.0011181743
6835,AgeGender,AGE,27.279912843
6835,AgeGender,GENDER,0.8435378201999999
6836,AgeGender,AGE,49.45937453317693
6836,AgeGender,GENDER,15.410980528707691
6837,AgeGender,AGE,49.45937453317693
6837,AgeGender,GENDER,15.410980528707691
6838,AgeGender,AGE,49.45937453317693
6838,AgeGender,GENDER,15.410980528707691
6839,AgeGender,AGE,27.279912843
6839,AgeGender,GENDER,0.8435378201999999
6840,AgeGender,AGE,37.896839278045455
6840,AgeGender,GENDER,0.2444795100090908
6841,AgeGender,AGE,37.896839278045455
6841,AgeGender,GENDER,0.2444795100090908
6842,AgeGender,AGE,37.896839278045455
6842,AgeGender,GENDER,0.2444795100090908
6843,AgeGender,AGE,27.279912843
6843,AgeGender,GENDER,0.8435378201999999
6844,AgeGender,AGE,13.792737741900003
6844,AgeGender,GENDER,-1.122789379491667
6845,AgeGender,AGE,13.792737741900003
6845,AgeGender,GENDER,-1.122789379491667
6846,AgeGender,AGE,13.792737741900003
6846,AgeGender,GENDER,-1.122789379491667
6847,AgeGender,AGE,27.279912843
6847,AgeGender,GENDER,0.8435378201999999
6848,AgeGender,AGE,33.52528037583125
6848,AgeGender,GENDER,-1.9348403858375
6849,AgeGender,AGE,33.52528037583125
6849,AgeGender,GENDER,-1.9348403858375
6850,AgeGender,AGE,33.52528037583125
6850,AgeGender,GENDER,-1.9348403858375
6851,AgeGender,AGE,27.279912843
6851,AgeGender,GENDER,0.8435378201999999
6852,AgeGender,AGE,60.4243709508375
6852,AgeGender,GENDER,4.882416915493751
6853,AgeGender,AGE,60.4243709508375
6853,AgeGender,GENDER,4.882416915493751
6854,AgeGender,AGE,60.4243709508375
6854,AgeGender,GENDER,4.882416915493751
6855,AgeGender,AGE,27.279912843
6855,AgeGender,GENDER,0.8435378201999999
6856,AgeGender,AGE,65.30501036208332
6856,AgeGender,GENDER,3.9653508787833327
6857,AgeGender,AGE,65.30501036208332
6857,AgeGender,GENDER,3.9653508787833327
6858,AgeGender,AGE,65.30501036208332
6858,AgeGender,GENDER,3.9653508787833327
6859,AgeGender,AGE,27.279912843
6859,AgeGender,GENDER,0.8435378201999999
6860,AgeGender,AGE,13.166131774337504
6860,AgeGender,GENDER,2.6841001806250007
6861,AgeGender,AGE,13.166131774337504
6861,AgeGender,GENDER,2.6841001806250007
6862,AgeGender,AGE,13.166131774337504
6862,AgeGender,GENDER,2.6841001806250007
6863,AgeGender,AGE,27.279912843
6863,AgeGender,GENDER,0.8435378201999999
6864,AgeGender,AGE,41.94417762836
6864,AgeGender,GENDER,0.8817865231999988
6865,AgeGender,AGE,41.94417762836
6865,AgeGender,GENDER,0.8817865231999988
6866,AgeGender,AGE,41.94417762836
6866,AgeGender,GENDER,0.8817865231999988
6867,AgeGender,AGE,27.279912843
6867,AgeGender,GENDER,0.8435378201999999
6868,AgeGender,AGE,18.993258480681817
6868,AgeGender,GENDER,2.0446732386818183
6869,AgeGender,AGE,18.993258480681817
6869,AgeGender,GENDER,2.0446732386818183
6870,AgeGender,AGE,18.993258480681817
6870,AgeGender,GENDER,2.0446732386818183
6871,AgeGender,AGE,27.279912843
6871,AgeGender,GENDER,0.8435378201999999
6872,AgeGender,AGE,4.829938161186668
6872,AgeGender,GENDER,-2.942457955926667
6873,AgeGender,AGE,4.829938161186668
6873,AgeGender,GENDER,-2.942457955926667
6874,AgeGender,AGE,4.829938161186668
6874,AgeGender,GENDER,-2.942457955926667
6875,AgeGender,AGE,27.279912843
6875,AgeGender,GENDER,0.8435378201999999
6876,AgeGender,AGE,0.8584237421181875
6876,AgeGender,GENDER,2.528336091490909
6877,AgeGender,AGE,0.8584237421181875
6877,AgeGender,GENDER,2.528336091490909
6878,AgeGender,AGE,0.8584237421181875
6878,AgeGender,GENDER,2.528336091490909
6879,AgeGender,AGE,27.279912843
6879,AgeGender,GENDER,0.8435378201999999
6880,AgeGender,AGE,18.008183441386667
6880,AgeGender,GENDER,-6.712450417546665
6881,AgeGender,AGE,18.008183441386667
6881,AgeGender,GENDER,-6.712450417546665
6882,AgeGender,AGE,18.008183441386667
6882,AgeGender,GENDER,-6.712450417546665
6883,AgeGender,AGE,27.279912843
6883,AgeGender,GENDER,0.8435378201999999
6884,AgeGender,AGE,54.62934585470667
6884,AgeGender,GENDER,1.2923564540266663
6885,AgeGender,AGE,54.62934585470667
6885,AgeGender,GENDER,1.2923564540266663
6886,AgeGender,AGE,54.62934585470667
6886,AgeGender,GENDER,1.2923564540266663
6887,AgeGender,AGE,27.279912843
6887,AgeGender,GENDER,0.8435378201999999
6888,AgeGender,AGE,65.7689281692357
6888,AgeGender,GENDER,7.542128883214285
6889,AgeGender,AGE,65.7689281692357
6889,AgeGender,GENDER,7.542128883214285
6890,AgeGender,AGE,65.7689281692357
6890,AgeGender,GENDER,7.542128883214285
6891,AgeGender,AGE,27.279912843
6891,AgeGender,GENDER,0.8435378201999999
6892,AgeGender,AGE,39.15391434007143
6892,AgeGender,GENDER,0.0213006700714288
6893,AgeGender,AGE,39.15391434007143
6893,AgeGender,GENDER,0.0213006700714288
6894,AgeGender,AGE,39.15391434007143
6894,AgeGender,GENDER,0.0213006700714288
6895,AgeGender,AGE,27.279912843
6895,AgeGender,GENDER,0.8435378201999999
6896,AgeGender,AGE,14.473951344688883
6896,AgeGender,GENDER,3.290081049794446
6897,AgeGender,AGE,14.473951344688883
6897,AgeGender,GENDER,3.290081049794446
6898,AgeGender,AGE,14.473951344688883
6898,AgeGender,GENDER,3.290081049794446
6899,AgeGender,AGE,27.279912843
6899,AgeGender,GENDER,0.8435378201999999
6900,AgeGender,AGE,74.58737724201666
6900,AgeGender,GENDER,-15.830981826866664
6901,AgeGender,AGE,74.58737724201666
6901,AgeGender,GENDER,-15.830981826866664
6902,AgeGender,AGE,74.58737724201666
6902,AgeGender,GENDER,-15.830981826866664
6903,AgeGender,AGE,27.279912843
6903,AgeGender,GENDER,0.8435378201999999
6904,AgeGender,AGE,19.752240508743757
6904,AgeGender,GENDER,2.97172484278125
6905,AgeGender,AGE,19.752240508743757
6905,AgeGender,GENDER,2.97172484278125
6906,AgeGender,AGE,19.752240508743757
6906,AgeGender,GENDER,2.97172484278125
6907,AgeGender,AGE,27.279912843
6907,AgeGender,GENDER,0.8435378201999999
6908,AgeGender,AGE,31.40883661154
6908,AgeGender,GENDER,-6.723125375140001
6909,AgeGender,AGE,31.40883661154
6909,AgeGender,GENDER,-6.723125375140001
6910,AgeGender,AGE,31.40883661154
6910,AgeGender,GENDER,-6.723125375140001
6911,AgeGender,AGE,27.279912843
6911,AgeGender,GENDER,0.8435378201999999
6912,AgeGender,AGE,32.31497934378667
6912,AgeGender,GENDER,-4.306966321973333
6913,AgeGender,AGE,32.31497934378667
6913,AgeGender,GENDER,-4.306966321973333
6914,AgeGender,AGE,32.31497934378667
6914,AgeGender,GENDER,-4.306966321973333
6915,AgeGender,AGE,27.279912843
6915,AgeGender,GENDER,0.8435378201999999
6916,AgeGender,AGE,23.889459345213336
6916,AgeGender,GENDER,-0.2136492111599997
6917,AgeGender,AGE,23.889459345213336
6917,AgeGender,GENDER,-0.2136492111599997
6918,AgeGender,AGE,23.889459345213336
6918,AgeGender,GENDER,-0.2136492111599997
6919,AgeGender,AGE,27.279912843
6919,AgeGender,GENDER,0.8435378201999999
6920,AgeGender,AGE,13.702016286425
6920,AgeGender,GENDER,3.4240194768200003
6921,AgeGender,AGE,13.702016286425
6921,AgeGender,GENDER,3.4240194768200003
6922,AgeGender,AGE,13.702016286425
6922,AgeGender,GENDER,3.4240194768200003
6923,AgeGender,AGE,27.279912843
6923,AgeGender,GENDER,0.8435378201999999
6924,AgeGender,AGE,20.29012844483
6924,AgeGender,GENDER,1.28800511874
6925,AgeGender,AGE,20.29012844483
6925,AgeGender,GENDER,1.28800511874
6926,AgeGender,AGE,20.29012844483
6926,AgeGender,GENDER,1.28800511874
6927,AgeGender,AGE,27.279912843
6927,AgeGender,GENDER,0.8435378201999999
6928,AgeGender,AGE,61.19426750308666
6928,AgeGender,GENDER,-9.775745784453331
6929,AgeGender,AGE,61.19426750308666
6929,AgeGender,GENDER,-9.775745784453331
6930,AgeGender,AGE,61.19426750308666
6930,AgeGender,GENDER,-9.775745784453331
6931,AgeGender,AGE,27.279912843
6931,AgeGender,GENDER,0.8435378201999999
6932,AgeGender,AGE,58.18433556017369
6932,AgeGender,GENDER,-30.6217720053
6933,AgeGender,AGE,58.18433556017369
6933,AgeGender,GENDER,-30.6217720053
6934,AgeGender,AGE,58.18433556017369
6934,AgeGender,GENDER,-30.6217720053
6935,AgeGender,AGE,27.279912843
6935,AgeGender,GENDER,0.8435378201999999
6936,AgeGender,AGE,35.24944134167143
6936,AgeGender,GENDER,-14.389512912321427
6937,AgeGender,AGE,35.24944134167143
6937,AgeGender,GENDER,-14.389512912321427
6938,AgeGender,AGE,35.24944134167143
6938,AgeGender,GENDER,-14.389512912321427
6939,AgeGender,AGE,27.279912843
6939,AgeGender,GENDER,0.8435378201999999
6940,AgeGender,AGE,18.799807390411765
6940,AgeGender,GENDER,10.13944126512353
6941,AgeGender,AGE,18.799807390411765
6941,AgeGender,GENDER,10.13944126512353
6942,AgeGender,AGE,18.799807390411765
6942,AgeGender,GENDER,10.13944126512353
6943,AgeGender,AGE,27.279912843
6943,AgeGender,GENDER,0.8435378201999999
6944,AgeGender,AGE,6.276294071575002
6944,AgeGender,GENDER,2.8359683111666665
6945,AgeGender,AGE,6.276294071575002
6945,AgeGender,GENDER,2.8359683111666665
6946,AgeGender,AGE,6.276294071575002
6946,AgeGender,GENDER,2.8359683111666665
6947,AgeGender,AGE,27.279912843
6947,AgeGender,GENDER,0.8435378201999999
6948,AgeGender,AGE,-23.24668168689999
6948,AgeGender,GENDER,-41.88296085145385
6949,AgeGender,AGE,-23.24668168689999
6949,AgeGender,GENDER,-41.88296085145385
6950,AgeGender,AGE,-23.24668168689999
6950,AgeGender,GENDER,-41.88296085145385
6951,AgeGender,AGE,27.279912843
6951,AgeGender,GENDER,0.8435378201999999
6952,AgeGender,AGE,0.9228004540818198
6952,AgeGender,GENDER,-3.1959886882454542
6953,AgeGender,AGE,0.9228004540818198
6953,AgeGender,GENDER,-3.1959886882454542
6954,AgeGender,AGE,0.9228004540818198
6954,AgeGender,GENDER,-3.1959886882454542
6955,AgeGender,AGE,27.279912843
6955,AgeGender,GENDER,0.8435378201999999
6956,AgeGender,AGE,33.15151120401667
6956,AgeGender,GENDER,-1.0366108981833326
6957,AgeGender,AGE,33.15151120401667
6957,AgeGender,GENDER,-1.0366108981833326
6958,AgeGender,AGE,33.15151120401667
6958,AgeGender,GENDER,-1.0366108981833326
6959,AgeGender,AGE,27.279912843
6959,AgeGender,GENDER,0.8435378201999999
6960,AgeGender,AGE,59.90227673691818
6960,AgeGender,GENDER,5.410592931845456
6961,AgeGender,AGE,59.90227673691818
6961,AgeGender,GENDER,5.410592931845456
6962,AgeGender,AGE,59.90227673691818
6962,AgeGender,GENDER,5.410592931845456
6963,AgeGender,AGE,27.279912843
6963,AgeGender,GENDER,0.8435378201999999
6964,AgeGender,AGE,52.864498506833336
6964,AgeGender,GENDER,8.432026400486668
6965,AgeGender,AGE,52.864498506833336
6965,AgeGender,GENDER,8.432026400486668
6966,AgeGender,AGE,52.864498506833336
6966,AgeGender,GENDER,8.432026400486668
6967,AgeGender,AGE,27.279912843
6967,AgeGender,GENDER,0.8435378201999999
6968,AgeGender,AGE,39.860738130172734
6968,AgeGender,GENDER,6.022083811554542
6969,AgeGender,AGE,39.860738130172734
6969,AgeGender,GENDER,6.022083811554542
6970,AgeGender,AGE,39.860738130172734
6970,AgeGender,GENDER,6.022083811554542
6971,AgeGender,AGE,27.279912843
6971,AgeGender,GENDER,0.8435378201999999
6972,AgeGender,AGE,23.5710261058125
6972,AgeGender,GENDER,-1.2131399399
6973,AgeGender,AGE,23.5710261058125
6973,AgeGender,GENDER,-1.2131399399
6974,AgeGender,AGE,23.5710261058125
6974,AgeGender,GENDER,-1.2131399399
6975,AgeGender,AGE,27.279912843
6975,AgeGender,GENDER,0.8435378201999999
6976,AgeGender,AGE,56.84221000942857
6976,AgeGender,GENDER,-1.6196223375642855
6977,AgeGender,AGE,56.84221000942857
6977,AgeGender,GENDER,-1.6196223375642855
6978,AgeGender,AGE,56.84221000942857
6978,AgeGender,GENDER,-1.6196223375642855
6979,AgeGender,AGE,27.279912843
6979,AgeGender,GENDER,0.8435378201999999
6980,AgeGender,AGE,-6.783754591514285
6980,AgeGender,GENDER,23.26836732107143
6981,AgeGender,AGE,-6.783754591514285
6981,AgeGender,GENDER,23.26836732107143
6982,AgeGender,AGE,-6.783754591514285
6982,AgeGender,GENDER,23.26836732107143
6983,AgeGender,AGE,27.279912843
6983,AgeGender,GENDER,0.8435378201999999
6984,AgeGender,AGE,44.35267339176667
6984,AgeGender,GENDER,-11.362529424460003
6985,AgeGender,AGE,44.35267339176667
6985,AgeGender,GENDER,-11.362529424460003
6986,AgeGender,AGE,44.35267339176667
6986,AgeGender,GENDER,-11.362529424460003
6987,AgeGender,AGE,27.279912843
6987,AgeGender,GENDER,0.8435378201999999
6988,AgeGender,AGE,51.53938851466154
6988,AgeGender,GENDER,-4.125042876299998
6989,AgeGender,AGE,51.53938851466154
6989,AgeGender,GENDER,-4.125042876299998
6990,AgeGender,AGE,51.53938851466154
6990,AgeGender,GENDER,-4.125042876299998
6991,AgeGender,AGE,27.279912843
6991,AgeGender,GENDER,0.8435378201999999
6992,AgeGender,AGE,21.44853276501429
6992,AgeGender,GENDER,-1.591061780035714
6993,AgeGender,AGE,21.44853276501429
6993,AgeGender,GENDER,-1.591061780035714
6994,AgeGender,AGE,21.44853276501429
6994,AgeGender,GENDER,-1.591061780035714
6995,AgeGender,AGE,27.279912843
6995,AgeGender,GENDER,0.8435378201999999
6996,AgeGender,AGE,21.822370047683336
6996,AgeGender,GENDER,-5.32062924297222
6997,AgeGender,AGE,21.822370047683336
6997,AgeGender,GENDER,-5.32062924297222
6998,AgeGender,AGE,21.822370047683336
6998,AgeGender,GENDER,-5.32062924297222
6999,AgeGender,AGE,27.279912843
6999,AgeGender,GENDER,0.8435378201999999
7000,AgeGender,AGE,51.97371886578334
7000,AgeGender,GENDER,6.360885342725002
7001,AgeGender,AGE,51.97371886578334
7001,AgeGender,GENDER,6.360885342725002
7002,AgeGender,AGE,51.97371886578334
7002,AgeGender,GENDER,6.360885342725002
7003,AgeGender,AGE,27.279912843
7003,AgeGender,GENDER,0.8435378201999999
7004,AgeGender,AGE,14.267900914030768
7004,AgeGender,GENDER,14.924545343976924
7005,AgeGender,AGE,14.267900914030768
7005,AgeGender,GENDER,14.924545343976924
7006,AgeGender,AGE,14.267900914030768
7006,AgeGender,GENDER,14.924545343976924
7007,AgeGender,AGE,27.279912843
7007,AgeGender,GENDER,0.8435378201999999
7008,AgeGender,AGE,34.6332461762625
7008,AgeGender,GENDER,5.981830279312501
7009,AgeGender,AGE,34.6332461762625
7009,AgeGender,GENDER,5.981830279312501
7010,AgeGender,AGE,34.6332461762625
7010,AgeGender,GENDER,5.981830279312501
7011,AgeGender,AGE,27.279912843
7011,AgeGender,GENDER,0.8435378201999999
7012,AgeGender,AGE,4.831662746926675
7012,AgeGender,GENDER,-4.137534997933334
7013,AgeGender,AGE,4.831662746926675
7013,AgeGender,GENDER,-4.137534997933334
7014,AgeGender,AGE,4.831662746926675
7014,AgeGender,GENDER,-4.137534997933334
7015,AgeGender,AGE,27.279912843
7015,AgeGender,GENDER,0.8435378201999999
7016,AgeGender,AGE,18.947183219924145
7016,AgeGender,GENDER,4.788897359586208
7017,AgeGender,AGE,18.947183219924145
7017,AgeGender,GENDER,4.788897359586208
7018,AgeGender,AGE,18.947183219924145
7018,AgeGender,GENDER,4.788897359586208
7019,AgeGender,AGE,27.279912843
7019,AgeGender,GENDER,0.8435378201999999
7020,AgeGender,AGE,26.8831618038
7020,AgeGender,GENDER,14.28260741693
7021,AgeGender,AGE,26.8831618038
7021,AgeGender,GENDER,14.28260741693
7022,AgeGender,AGE,26.8831618038
7022,AgeGender,GENDER,14.28260741693
7023,AgeGender,AGE,27.279912843
7023,AgeGender,GENDER,0.8435378201999999
7024,AgeGender,AGE,60.58633679204584
7024,AgeGender,GENDER,-3.534498480895833
7025,AgeGender,AGE,60.58633679204584
7025,AgeGender,GENDER,-3.534498480895833
7026,AgeGender,AGE,60.58633679204584
7026,AgeGender,GENDER,-3.534498480895833
7027,AgeGender,AGE,27.279912843
7027,AgeGender,GENDER,0.8435378201999999
7028,AgeGender,AGE,37.78410727151177
7028,AgeGender,GENDER,-4.077905573105881
7029,AgeGender,AGE,37.78410727151177
7029,AgeGender,GENDER,-4.077905573105881
7030,AgeGender,AGE,37.78410727151177
7030,AgeGender,GENDER,-4.077905573105881
7031,AgeGender,AGE,27.279912843
7031,AgeGender,GENDER,0.8435378201999999
7032,AgeGender,AGE,72.59736930001176
7032,AgeGender,GENDER,18.770707975858823
7033,AgeGender,AGE,72.59736930001176
7033,AgeGender,GENDER,18.770707975858823
7034,AgeGender,AGE,72.59736930001176
7034,AgeGender,GENDER,18.770707975858823
7035,AgeGender,AGE,27.279912843
7035,AgeGender,GENDER,0.8435378201999999
7036,AgeGender,AGE,31.47208511847692
7036,AgeGender,GENDER,-10.534578231307693
7037,AgeGender,AGE,31.47208511847692
7037,AgeGender,GENDER,-10.534578231307693
7038,AgeGender,AGE,31.47208511847692
7038,AgeGender,GENDER,-10.534578231307693
7039,AgeGender,AGE,27.279912843
7039,AgeGender,GENDER,0.8435378201999999
7040,AgeGender,AGE,2.7732831653176504
7040,AgeGender,GENDER,0.6770290287882348
7041,AgeGender,AGE,2.7732831653176504
7041,AgeGender,GENDER,0.6770290287882348
7042,AgeGender,AGE,2.7732831653176504
7042,AgeGender,GENDER,0.6770290287882348
7043,AgeGender,AGE,27.279912843
7043,AgeGender,GENDER,0.8435378201999999
7044,AgeGender,AGE,19.83065131318461
7044,AgeGender,GENDER,-1.8102001188230767
7045,AgeGender,AGE,19.83065131318461
7045,AgeGender,GENDER,-1.8102001188230767
7046,AgeGender,AGE,19.83065131318461
7046,AgeGender,GENDER,-1.8102001188230767
7047,AgeGender,AGE,27.279912843
7047,AgeGender,GENDER,0.8435378201999999
7048,AgeGender,AGE,25.89668634926429
7048,AgeGender,GENDER,-6.367751348585714
7049,AgeGender,AGE,25.89668634926429
7049,AgeGender,GENDER,-6.367751348585714
7050,AgeGender,AGE,25.89668634926429
7050,AgeGender,GENDER,-6.367751348585714
7051,AgeGender,AGE,27.279912843
7051,AgeGender,GENDER,0.8435378201999999
7052,AgeGender,AGE,45.98704851616429
7052,AgeGender,GENDER,-4.9290883783714285
7053,AgeGender,AGE,45.98704851616429
7053,AgeGender,GENDER,-4.9290883783714285
7054,AgeGender,AGE,45.98704851616429
7054,AgeGender,GENDER,-4.9290883783714285
7055,AgeGender,AGE,27.279912843
7055,AgeGender,GENDER,0.8435378201999999
7056,AgeGender,AGE,45.045813664935295
7056,AgeGender,GENDER,-6.199300932523529
7057,AgeGender,AGE,45.045813664935295
7057,AgeGender,GENDER,-6.199300932523529
7058,AgeGender,AGE,45.045813664935295
7058,AgeGender,GENDER,-6.199300932523529
7059,AgeGender,AGE,27.279912843
7059,AgeGender,GENDER,0.8435378201999999
7060,AgeGender,AGE,15.88357600554118
7060,AgeGender,GENDER,8.06810405209412
7061,AgeGender,AGE,15.88357600554118
7061,AgeGender,GENDER,8.06810405209412
7062,AgeGender,AGE,15.88357600554118
7062,AgeGender,GENDER,8.06810405209412
7063,AgeGender,AGE,27.279912843
7063,AgeGender,GENDER,0.8435378201999999
7064,AgeGender,AGE,32.77522825823334
7064,AgeGender,GENDER,-4.235458654891667
7065,AgeGender,AGE,32.77522825823334
7065,AgeGender,GENDER,-4.235458654891667
7066,AgeGender,AGE,32.77522825823334
7066,AgeGender,GENDER,-4.235458654891667
7067,AgeGender,AGE,27.279912843
7067,AgeGender,GENDER,0.8435378201999999
7068,AgeGender,AGE,33.107582320325
7068,AgeGender,GENDER,-2.8091538403
7069,AgeGender,AGE,33.107582320325
7069,AgeGender,GENDER,-2.8091538403
7070,AgeGender,AGE,33.107582320325
7070,AgeGender,GENDER,-2.8091538403
7071,AgeGender,AGE,27.279912843
7071,AgeGender,GENDER,0.8435378201999999
7072,AgeGender,AGE,44.20525817838235
7072,AgeGender,GENDER,3.3450223114764706
7073,AgeGender,AGE,44.20525817838235
7073,AgeGender,GENDER,3.3450223114764706
7074,AgeGender,AGE,44.20525817838235
7074,AgeGender,GENDER,3.3450223114764706
7075,AgeGender,AGE,27.279912843
7075,AgeGender,GENDER,0.8435378201999999
7076,AgeGender,AGE,20.124053929141176
7076,AgeGender,GENDER,10.744971260517648
7077,AgeGender,AGE,20.124053929141176
7077,AgeGender,GENDER,10.744971260517648
7078,AgeGender,AGE,20.124053929141176
7078,AgeGender,GENDER,10.744971260517648
7079,AgeGender,AGE,27.279912843
7079,AgeGender,GENDER,0.8435378201999999
7080,AgeGender,AGE,2.1136252139416705
7080,AgeGender,GENDER,-0.2948839441833335
7081,AgeGender,AGE,2.1136252139416705
7081,AgeGender,GENDER,-0.2948839441833335
7082,AgeGender,AGE,2.1136252139416705
7082,AgeGender,GENDER,-0.2948839441833335
7083,AgeGender,AGE,27.279912843
7083,AgeGender,GENDER,0.8435378201999999
7084,AgeGender,AGE,58.6690555626
7084,AgeGender,GENDER,-3.1092047330384616
7085,AgeGender,AGE,58.6690555626
7085,AgeGender,GENDER,-3.1092047330384616
7086,AgeGender,AGE,58.6690555626
7086,AgeGender,GENDER,-3.1092047330384616
7087,AgeGender,AGE,27.279912843
7087,AgeGender,GENDER,0.8435378201999999
7088,AgeGender,AGE,55.58238961938667
7088,AgeGender,GENDER,1.948980469486667
7089,AgeGender,AGE,55.58238961938667
7089,AgeGender,GENDER,1.948980469486667
7090,AgeGender,AGE,55.58238961938667
7090,AgeGender,GENDER,1.948980469486667
7091,AgeGender,AGE,27.279912843
7091,AgeGender,GENDER,0.8435378201999999
7092,AgeGender,AGE,3.840164242204999
7092,AgeGender,GENDER,-1.68173634313
7093,AgeGender,AGE,3.840164242204999
7093,AgeGender,GENDER,-1.68173634313
7094,AgeGender,AGE,3.840164242204999
7094,AgeGender,GENDER,-1.68173634313
7095,AgeGender,AGE,27.279912843
7095,AgeGender,GENDER,0.8435378201999999
7096,AgeGender,AGE,24.229468054689477
7096,AgeGender,GENDER,5.925937060057894
7097,AgeGender,AGE,24.229468054689477
7097,AgeGender,GENDER,5.925937060057894
7098,AgeGender,AGE,24.229468054689477
7098,AgeGender,GENDER,5.925937060057894
7099,AgeGender,AGE,27.279912843
7099,AgeGender,GENDER,0.8435378201999999
7100,AgeGender,AGE,-72.47857334639002
7100,AgeGender,GENDER,-17.802254310960002
7101,AgeGender,AGE,-72.47857334639002
7101,AgeGender,GENDER,-17.802254310960002
7102,AgeGender,AGE,-72.47857334639002
7102,AgeGender,GENDER,-17.802254310960002
7103,AgeGender,AGE,27.279912843
7103,AgeGender,GENDER,0.8435378201999999
7104,AgeGender,AGE,56.71648358896429
7104,AgeGender,GENDER,2.3201508638571444
7105,AgeGender,AGE,56.71648358896429
7105,AgeGender,GENDER,2.3201508638571444
7106,AgeGender,AGE,56.71648358896429
7106,AgeGender,GENDER,2.3201508638571444
7107,AgeGender,AGE,27.279912843
7107,AgeGender,GENDER,0.8435378201999999
7108,AgeGender,AGE,-22.71557605338947
7108,AgeGender,GENDER,-22.17366865645789
7109,AgeGender,AGE,-22.71557605338947
7109,AgeGender,GENDER,-22.17366865645789
7110,AgeGender,AGE,-22.71557605338947
7110,AgeGender,GENDER,-22.17366865645789
7111,AgeGender,AGE,27.279912843
7111,AgeGender,GENDER,0.8435378201999999
7112,AgeGender,AGE,35.30117930707857
7112,AgeGender,GENDER,1.251861708314286
7113,AgeGender,AGE,35.30117930707857
7113,AgeGender,GENDER,1.251861708314286
7114,AgeGender,AGE,35.30117930707857
7114,AgeGender,GENDER,1.251861708314286
7115,AgeGender,AGE,27.279912843
7115,AgeGender,GENDER,0.8435378201999999
7116,AgeGender,AGE,8.93642658882143
7116,AgeGender,GENDER,-19.89168928212857
7117,AgeGender,AGE,8.93642658882143
7117,AgeGender,GENDER,-19.89168928212857
7118,AgeGender,AGE,8.93642658882143
7118,AgeGender,GENDER,-19.89168928212857
7119,AgeGender,AGE,27.279912843
7119,AgeGender,GENDER,0.8435378201999999
7120,AgeGender,AGE,25.06101887934706
7120,AgeGender,GENDER,1.806911692647057
7121,AgeGender,AGE,25.06101887934706
7121,AgeGender,GENDER,1.806911692647057
7122,AgeGender,AGE,25.06101887934706
7122,AgeGender,GENDER,1.806911692647057
7123,AgeGender,AGE,27.279912843
7123,AgeGender,GENDER,0.8435378201999999
7124,AgeGender,AGE,45.32111029274167
7124,AgeGender,GENDER,-3.614821966908333
7125,AgeGender,AGE,45.32111029274167
7125,AgeGender,GENDER,-3.614821966908333
7126,AgeGender,AGE,45.32111029274167
7126,AgeGender,GENDER,-3.614821966908333
7127,AgeGender,AGE,27.279912843
7127,AgeGender,GENDER,0.8435378201999999
7128,AgeGender,AGE,-4.866383825784208
7128,AgeGender,GENDER,6.279301469484211
7129,AgeGender,AGE,-4.866383825784208
7129,AgeGender,GENDER,6.279301469484211
7130,AgeGender,AGE,-4.866383825784208
7130,AgeGender,GENDER,6.279301469484211
7131,AgeGender,AGE,27.279912843
7131,AgeGender,GENDER,0.8435378201999999
7132,AgeGender,AGE,18.558170922166667
7132,AgeGender,GENDER,17.23980713661667
7133,AgeGender,AGE,18.558170922166667
7133,AgeGender,GENDER,17.23980713661667
7134,AgeGender,AGE,18.558170922166667
7134,AgeGender,GENDER,17.23980713661667
7135,AgeGender,AGE,27.279912843
7135,AgeGender,GENDER,0.8435378201999999
7136,AgeGender,AGE,45.630348996358336
7136,AgeGender,GENDER,2.01267031125
7137,AgeGender,AGE,45.630348996358336
7137,AgeGender,GENDER,2.01267031125
7138,AgeGender,AGE,45.630348996358336
7138,AgeGender,GENDER,2.01267031125
7139,AgeGender,AGE,27.279912843
7139,AgeGender,GENDER,0.8435378201999999
7140,AgeGender,AGE,26.17942166068333
7140,AgeGender,GENDER,-4.643465317083333
7141,AgeGender,AGE,26.17942166068333
7141,AgeGender,GENDER,-4.643465317083333
7142,AgeGender,AGE,26.17942166068333
7142,AgeGender,GENDER,-4.643465317083333
7143,AgeGender,AGE,27.279912843
7143,AgeGender,GENDER,0.8435378201999999
7144,AgeGender,AGE,5.166011607845448
7144,AgeGender,GENDER,6.337592777527273
7145,AgeGender,AGE,5.166011607845448
7145,AgeGender,GENDER,6.337592777527273
7146,AgeGender,AGE,5.166011607845448
7146,AgeGender,GENDER,6.337592777527273
7147,AgeGender,AGE,27.279912843
7147,AgeGender,GENDER,0.8435378201999999
7148,AgeGender,AGE,43.44746565228
7148,AgeGender,GENDER,0.4623845542866674
7149,AgeGender,AGE,43.44746565228
7149,AgeGender,GENDER,0.4623845542866674
7150,AgeGender,AGE,43.44746565228
7150,AgeGender,GENDER,0.4623845542866674
7151,AgeGender,AGE,27.279912843
7151,AgeGender,GENDER,0.8435378201999999
7152,AgeGender,AGE,30.59319782918889
7152,AgeGender,GENDER,1.4840935720666668
7153,AgeGender,AGE,30.59319782918889
7153,AgeGender,GENDER,1.4840935720666668
7154,AgeGender,AGE,30.59319782918889
7154,AgeGender,GENDER,1.4840935720666668
7155,AgeGender,AGE,27.279912843
7155,AgeGender,GENDER,0.8435378201999999
7156,AgeGender,AGE,2.4372256306500084
7156,AgeGender,GENDER,2.212886678958334
7157,AgeGender,AGE,2.4372256306500084
7157,AgeGender,GENDER,2.212886678958334
7158,AgeGender,AGE,2.4372256306500084
7158,AgeGender,GENDER,2.212886678958334
7159,AgeGender,AGE,27.279912843
7159,AgeGender,GENDER,0.8435378201999999
7160,AgeGender,AGE,71.52745506694
7160,AgeGender,GENDER,4.885582215833335
7161,AgeGender,AGE,71.52745506694
7161,AgeGender,GENDER,4.885582215833335
7162,AgeGender,AGE,71.52745506694
7162,AgeGender,GENDER,4.885582215833335
7163,AgeGender,AGE,27.279912843
7163,AgeGender,GENDER,0.8435378201999999
7164,AgeGender,AGE,23.25487285735
7164,AgeGender,GENDER,-1.5691173018571432
7165,AgeGender,AGE,23.25487285735
7165,AgeGender,GENDER,-1.5691173018571432
7166,AgeGender,AGE,23.25487285735
7166,AgeGender,GENDER,-1.5691173018571432
7167,AgeGender,AGE,27.279912843
7167,AgeGender,GENDER,0.8435378201999999
7168,AgeGender,AGE,13.739149662153846
7168,AgeGender,GENDER,15.08078206406154
7169,AgeGender,AGE,13.739149662153846
7169,AgeGender,GENDER,15.08078206406154
7170,AgeGender,AGE,13.739149662153846
7170,AgeGender,GENDER,15.08078206406154
7171,AgeGender,AGE,27.279912843
7171,AgeGender,GENDER,0.8435378201999999
7172,AgeGender,AGE,56.72270664739167
7172,AgeGender,GENDER,-5.050021389508333
7173,AgeGender,AGE,56.72270664739167
7173,AgeGender,GENDER,-5.050021389508333
7174,AgeGender,AGE,56.72270664739167
7174,AgeGender,GENDER,-5.050021389508333
7175,AgeGender,AGE,27.279912843
7175,AgeGender,GENDER,0.8435378201999999
7176,AgeGender,AGE,55.82389011582667
7176,AgeGender,GENDER,-12.080104160813333
7177,AgeGender,AGE,55.82389011582667
7177,AgeGender,GENDER,-12.080104160813333
7178,AgeGender,AGE,55.82389011582667
7178,AgeGender,GENDER,-12.080104160813333
7179,AgeGender,AGE,27.279912843
7179,AgeGender,GENDER,0.8435378201999999
7180,AgeGender,AGE,71.75591275088
7180,AgeGender,GENDER,-8.51461747962
7181,AgeGender,AGE,71.75591275088
7181,AgeGender,GENDER,-8.51461747962
7182,AgeGender,AGE,71.75591275088
7182,AgeGender,GENDER,-8.51461747962
7183,AgeGender,AGE,27.279912843
7183,AgeGender,GENDER,0.8435378201999999
7184,AgeGender,AGE,68.94036914183334
7184,AgeGender,GENDER,2.611388157825
7185,AgeGender,AGE,68.94036914183334
7185,AgeGender,GENDER,2.611388157825
7186,AgeGender,AGE,68.94036914183334
7186,AgeGender,GENDER,2.611388157825
7187,AgeGender,AGE,27.279912843
7187,AgeGender,GENDER,0.8435378201999999
7188,AgeGender,AGE,51.64456684877391
7188,AgeGender,GENDER,-1.6642527585608682
7189,AgeGender,AGE,51.64456684877391
7189,AgeGender,GENDER,-1.6642527585608682
7190,AgeGender,AGE,51.64456684877391
7190,AgeGender,GENDER,-1.6642527585608682
7191,AgeGender,AGE,27.279912843
7191,AgeGender,GENDER,0.8435378201999999
7192,AgeGender,AGE,16.294832806933336
7192,AgeGender,GENDER,-14.895272719472226
7193,AgeGender,AGE,16.294832806933336
7193,AgeGender,GENDER,-14.895272719472226
7194,AgeGender,AGE,16.294832806933336
7194,AgeGender,GENDER,-14.895272719472226
7195,AgeGender,AGE,27.279912843
7195,AgeGender,GENDER,0.8435378201999999
7196,AgeGender,AGE,50.0559450052091
7196,AgeGender,GENDER,7.089709769963639
7197,AgeGender,AGE,50.0559450052091
7197,AgeGender,GENDER,7.089709769963639
7198,AgeGender,AGE,50.0559450052091
7198,AgeGender,GENDER,7.089709769963639
7199,AgeGender,AGE,27.279912843
7199,AgeGender,GENDER,0.8435378201999999
7200,AgeGender,AGE,23.81955073585
7200,AgeGender,GENDER,-2.942027367442857
7201,AgeGender,AGE,23.81955073585
7201,AgeGender,GENDER,-2.942027367442857
7202,AgeGender,AGE,23.81955073585
7202,AgeGender,GENDER,-2.942027367442857
7203,AgeGender,AGE,27.279912843
7203,AgeGender,GENDER,0.8435378201999999
7204,AgeGender,AGE,27.505491516094445
7204,AgeGender,GENDER,-12.906578049133334
7205,AgeGender,AGE,27.505491516094445
7205,AgeGender,GENDER,-12.906578049133334
7206,AgeGender,AGE,27.505491516094445
7206,AgeGender,GENDER,-12.906578049133334
7207,AgeGender,AGE,27.279912843
7207,AgeGender,GENDER,0.8435378201999999
7208,AgeGender,AGE,91.01084186444
7208,AgeGender,GENDER,13.281067774206669
7209,AgeGender,AGE,91.01084186444
7209,AgeGender,GENDER,13.281067774206669
7210,AgeGender,AGE,91.01084186444
7210,AgeGender,GENDER,13.281067774206669
7211,AgeGender,AGE,27.279912843
7211,AgeGender,GENDER,0.8435378201999999
7212,AgeGender,AGE,8.93476045037778
7212,AgeGender,GENDER,-3.583037479033333
7213,AgeGender,AGE,8.93476045037778
7213,AgeGender,GENDER,-3.583037479033333
7214,AgeGender,AGE,8.93476045037778
7214,AgeGender,GENDER,-3.583037479033333
7215,AgeGender,AGE,27.279912843
7215,AgeGender,GENDER,0.8435378201999999
7216,AgeGender,AGE,38.85944113437857
7216,AgeGender,GENDER,0.9446518753785712
7217,AgeGender,AGE,38.85944113437857
7217,AgeGender,GENDER,0.9446518753785712
7218,AgeGender,AGE,38.85944113437857
7218,AgeGender,GENDER,0.9446518753785712
7219,AgeGender,AGE,27.279912843
7219,AgeGender,GENDER,0.8435378201999999
7220,AgeGender,AGE,18.50309367772
7220,AgeGender,GENDER,1.1703493333399997
7221,AgeGender,AGE,18.50309367772
7221,AgeGender,GENDER,1.1703493333399997
7222,AgeGender,AGE,18.50309367772
7222,AgeGender,GENDER,1.1703493333399997
7223,AgeGender,AGE,27.279912843
7223,AgeGender,GENDER,0.8435378201999999
7224,AgeGender,AGE,59.6204558261762
7224,AgeGender,GENDER,2.7714871283523808
7225,AgeGender,AGE,59.6204558261762
7225,AgeGender,GENDER,2.7714871283523808
7226,AgeGender,AGE,59.6204558261762
7226,AgeGender,GENDER,2.7714871283523808
7227,AgeGender,AGE,27.279912843
7227,AgeGender,GENDER,0.8435378201999999
7228,AgeGender,AGE,44.8108766583
7228,AgeGender,GENDER,14.74842119922222
7229,AgeGender,AGE,44.8108766583
7229,AgeGender,GENDER,14.74842119922222
7230,AgeGender,AGE,44.8108766583
7230,AgeGender,GENDER,14.74842119922222
7231,AgeGender,AGE,27.279912843
7231,AgeGender,GENDER,0.8435378201999999
7232,AgeGender,AGE,34.98156961878462
7232,AgeGender,GENDER,9.358239329784617
7233,AgeGender,AGE,34.98156961878462
7233,AgeGender,GENDER,9.358239329784617
7234,AgeGender,AGE,34.98156961878462
7234,AgeGender,GENDER,9.358239329784617
7235,AgeGender,AGE,27.279912843
7235,AgeGender,GENDER,0.8435378201999999
7236,AgeGender,AGE,183.1930328617823
7236,AgeGender,GENDER,2.700933721505882
7237,AgeGender,AGE,183.1930328617823
7237,AgeGender,GENDER,2.700933721505882
7238,AgeGender,AGE,183.1930328617823
7238,AgeGender,GENDER,2.700933721505882
7239,AgeGender,AGE,27.279912843
7239,AgeGender,GENDER,0.8435378201999999
7240,AgeGender,AGE,23.599166398214287
7240,AgeGender,GENDER,-11.719862852921429
7241,AgeGender,AGE,23.599166398214287
7241,AgeGender,GENDER,-11.719862852921429
7242,AgeGender,AGE,23.599166398214287
7242,AgeGender,GENDER,-11.719862852921429
7243,AgeGender,AGE,27.279912843
7243,AgeGender,GENDER,0.8435378201999999
7244,AgeGender,AGE,-43.28867567879166
7244,AgeGender,GENDER,11.974383908433335
7245,AgeGender,AGE,-43.28867567879166
7245,AgeGender,GENDER,11.974383908433335
7246,AgeGender,AGE,-43.28867567879166
7246,AgeGender,GENDER,11.974383908433335
7247,AgeGender,AGE,27.279912843
7247,AgeGender,GENDER,0.8435378201999999
7248,AgeGender,AGE,29.969139587312505
7248,AgeGender,GENDER,-0.7126834965562503
7249,AgeGender,AGE,29.969139587312505
7249,AgeGender,GENDER,-0.7126834965562503
7250,AgeGender,AGE,29.969139587312505
7250,AgeGender,GENDER,-0.7126834965562503
7251,AgeGender,AGE,27.279912843
7251,AgeGender,GENDER,0.8435378201999999
7252,AgeGender,AGE,62.44642556461053
7252,AgeGender,GENDER,5.902030145705263
7253,AgeGender,AGE,62.44642556461053
7253,AgeGender,GENDER,5.902030145705263
7254,AgeGender,AGE,62.44642556461053
7254,AgeGender,GENDER,5.902030145705263
7255,AgeGender,AGE,27.279912843
7255,AgeGender,GENDER,0.8435378201999999
7256,AgeGender,AGE,13.936449527621429
7256,AgeGender,GENDER,-1.887255703785714
7257,AgeGender,AGE,13.936449527621429
7257,AgeGender,GENDER,-1.887255703785714
7258,AgeGender,AGE,13.936449527621429
7258,AgeGender,GENDER,-1.887255703785714
7259,AgeGender,AGE,27.279912843
7259,AgeGender,GENDER,0.8435378201999999
7260,AgeGender,AGE,3.768431772739131
7260,AgeGender,GENDER,1.1952007714826087
7261,AgeGender,AGE,3.768431772739131
7261,AgeGender,GENDER,1.1952007714826087
7262,AgeGender,AGE,3.768431772739131
7262,AgeGender,GENDER,1.1952007714826087
7263,AgeGender,AGE,27.279912843
7263,AgeGender,GENDER,0.8435378201999999
7264,AgeGender,AGE,-13.40545921508
7264,AgeGender,GENDER,12.79873059328
7265,AgeGender,AGE,-13.40545921508
7265,AgeGender,GENDER,12.79873059328
7266,AgeGender,AGE,-13.40545921508
7266,AgeGender,GENDER,12.79873059328
7267,AgeGender,AGE,27.279912843
7267,AgeGender,GENDER,0.8435378201999999
7268,AgeGender,AGE,79.6679246810647
7268,AgeGender,GENDER,4.877369522841176
7269,AgeGender,AGE,79.6679246810647
7269,AgeGender,GENDER,4.877369522841176
7270,AgeGender,AGE,79.6679246810647
7270,AgeGender,GENDER,4.877369522841176
7271,AgeGender,AGE,27.279912843
7271,AgeGender,GENDER,0.8435378201999999
7272,AgeGender,AGE,62.65925606751765
7272,AgeGender,GENDER,8.372641688270589
7273,AgeGender,AGE,62.65925606751765
7273,AgeGender,GENDER,8.372641688270589
7274,AgeGender,AGE,62.65925606751765
7274,AgeGender,GENDER,8.372641688270589
7275,AgeGender,AGE,27.279912843
7275,AgeGender,GENDER,0.8435378201999999
7276,AgeGender,AGE,58.84168492121538
7276,AgeGender,GENDER,-8.660373891376922
7277,AgeGender,AGE,58.84168492121538
7277,AgeGender,GENDER,-8.660373891376922
7278,AgeGender,AGE,58.84168492121538
7278,AgeGender,GENDER,-8.660373891376922
7279,AgeGender,AGE,27.279912843
7279,AgeGender,GENDER,0.8435378201999999
7280,AgeGender,AGE,5.719110108792858
7280,AgeGender,GENDER,4.9975647501000005
7281,AgeGender,AGE,5.719110108792858
7281,AgeGender,GENDER,4.9975647501000005
7282,AgeGender,AGE,5.719110108792858
7282,AgeGender,GENDER,4.9975647501000005
7283,AgeGender,AGE,27.279912843
7283,AgeGender,GENDER,0.8435378201999999
7284,AgeGender,AGE,39.95227748196472
7284,AgeGender,GENDER,-8.054647270223528
7285,AgeGender,AGE,39.95227748196472
7285,AgeGender,GENDER,-8.054647270223528
7286,AgeGender,AGE,39.95227748196472
7286,AgeGender,GENDER,-8.054647270223528
7287,AgeGender,AGE,27.279912843
7287,AgeGender,GENDER,0.8435378201999999
7288,AgeGender,AGE,-6.797600418379993
7288,AgeGender,GENDER,-27.930909442120004
7289,AgeGender,AGE,-6.797600418379993
7289,AgeGender,GENDER,-27.930909442120004
7290,AgeGender,AGE,-6.797600418379993
7290,AgeGender,GENDER,-27.930909442120004
7291,AgeGender,AGE,27.279912843
7291,AgeGender,GENDER,0.8435378201999999
7292,AgeGender,AGE,44.34196560631428
7292,AgeGender,GENDER,5.480548485238096
7293,AgeGender,AGE,44.34196560631428
7293,AgeGender,GENDER,5.480548485238096
7294,AgeGender,AGE,44.34196560631428
7294,AgeGender,GENDER,5.480548485238096
7295,AgeGender,AGE,27.279912843
7295,AgeGender,GENDER,0.8435378201999999
7296,AgeGender,AGE,24.85125305329231
7296,AgeGender,GENDER,-1.193573144923077
7297,AgeGender,AGE,24.85125305329231
7297,AgeGender,GENDER,-1.193573144923077
7298,AgeGender,AGE,24.85125305329231
7298,AgeGender,GENDER,-1.193573144923077
7299,AgeGender,AGE,27.279912843
7299,AgeGender,GENDER,0.8435378201999999
7300,AgeGender,AGE,26.230850516307147
7300,AgeGender,GENDER,31.83615590673572
7301,AgeGender,AGE,26.230850516307147
7301,AgeGender,GENDER,31.83615590673572
7302,AgeGender,AGE,26.230850516307147
7302,AgeGender,GENDER,31.83615590673572
7303,AgeGender,AGE,27.279912843
7303,AgeGender,GENDER,0.8435378201999999
7304,AgeGender,AGE,48.65866641604
7304,AgeGender,GENDER,44.9248672738
7305,AgeGender,AGE,48.65866641604
7305,AgeGender,GENDER,44.9248672738
7306,AgeGender,AGE,48.65866641604
7306,AgeGender,GENDER,44.9248672738
7307,AgeGender,AGE,27.279912843
7307,AgeGender,GENDER,0.8435378201999999
7308,AgeGender,AGE,39.71856684955
7308,AgeGender,GENDER,-2.8598611121583333
7309,AgeGender,AGE,39.71856684955
7309,AgeGender,GENDER,-2.8598611121583333
7310,AgeGender,AGE,39.71856684955
7310,AgeGender,GENDER,-2.8598611121583333
7311,AgeGender,AGE,27.279912843
7311,AgeGender,GENDER,0.8435378201999999
7312,AgeGender,AGE,35.76771641511111
7312,AgeGender,GENDER,-24.9011088829
7313,AgeGender,AGE,35.76771641511111
7313,AgeGender,GENDER,-24.9011088829
7314,AgeGender,AGE,35.76771641511111
7314,AgeGender,GENDER,-24.9011088829
7315,AgeGender,AGE,27.279912843
7315,AgeGender,GENDER,0.8435378201999999
7316,AgeGender,AGE,55.65160915051818
7316,AgeGender,GENDER,-3.0029555605909093
7317,AgeGender,AGE,55.65160915051818
7317,AgeGender,GENDER,-3.0029555605909093
7318,AgeGender,AGE,55.65160915051818
7318,AgeGender,GENDER,-3.0029555605909093
7319,AgeGender,AGE,27.279912843
7319,AgeGender,GENDER,0.8435378201999999
7320,AgeGender,AGE,16.587108911658824
7320,AgeGender,GENDER,1.3220854143058822
7321,AgeGender,AGE,16.587108911658824
7321,AgeGender,GENDER,1.3220854143058822
7322,AgeGender,AGE,16.587108911658824
7322,AgeGender,GENDER,1.3220854143058822
7323,AgeGender,AGE,27.279912843
7323,AgeGender,GENDER,0.8435378201999999
7324,AgeGender,AGE,-9.516367463799996
7324,AgeGender,GENDER,-4.162105789230769
7325,AgeGender,AGE,-9.516367463799996
7325,AgeGender,GENDER,-4.162105789230769
7326,AgeGender,AGE,-9.516367463799996
7326,AgeGender,GENDER,-4.162105789230769
7327,AgeGender,AGE,27.279912843
7327,AgeGender,GENDER,0.8435378201999999
7328,AgeGender,AGE,62.75612075763125
7328,AgeGender,GENDER,6.7304145040375
7329,AgeGender,AGE,62.75612075763125
7329,AgeGender,GENDER,6.7304145040375
7330,AgeGender,AGE,62.75612075763125
7330,AgeGender,GENDER,6.7304145040375
7331,AgeGender,AGE,27.279912843
7331,AgeGender,GENDER,0.8435378201999999
7332,AgeGender,AGE,24.787586900695004
7332,AgeGender,GENDER,-11.285531433409998
7333,AgeGender,AGE,24.787586900695004
7333,AgeGender,GENDER,-11.285531433409998
7334,AgeGender,AGE,24.787586900695004
7334,AgeGender,GENDER,-11.285531433409998
7335,AgeGender,AGE,27.279912843
7335,AgeGender,GENDER,0.8435378201999999
